Age Groups,فئات السن,Highest Educational Level, أعلى مؤهل علمي ,Nationality,الجنسية,Sex,الجنس,Population
30 - 34,30 - 34,Illiterate / Read Only,أمي / يقرأ فقط,Bahraini,بحريني,Male,ذكر,189
60 - 64,60 - 64,Illiterate / Read Only,أمي / يقرأ فقط,Bahraini,بحريني,Male,ذكر,373
50 - 54,50 - 54,Read & Write,يقرأ ويكتب,Bahraini,بحريني,Male,ذكر,756
55 - 59,55 - 59,Read & Write,يقرأ ويكتب,Bahraini,بحريني,Male,ذكر,1002
15 - 19,15 - 19,Primary,ابتدائي,Bahraini,بحريني,Male,ذكر,3441
20 - 24,20 - 24,Primary,ابتدائي,Bahraini,بحريني,Male,ذكر,1829
45 - 49,45 - 49,Primary,ابتدائي,Bahraini,بحريني,Male,ذكر,988
20 - 24,20 - 24,Preparatory,إعدادي,Bahraini,بحريني,Male,ذكر,3123
50 - 54,50 - 54,Preparatory,إعدادي,Bahraini,بحريني,Male,ذكر,1821
20 - 24,20 - 24,Secondary,ثانوي,Bahraini,بحريني,Male,ذكر,12696
35 - 39,35 - 39,Secondary,ثانوي,Bahraini,بحريني,Male,ذكر,9589
50 - 54,50 - 54,Secondary,ثانوي,Bahraini,بحريني,Male,ذكر,7594
20 - 24,20 - 24,Above Secondary / Diploma,فوق الثانوي / دبلوم,Bahraini,بحريني,Male,ذكر,2263
25 - 29,25 - 29,Above Secondary / Diploma,فوق الثانوي / دبلوم,Bahraini,بحريني,Male,ذكر,2549
40 - 44,40 - 44,Above Secondary / Diploma,فوق الثانوي / دبلوم,Bahraini,بحريني,Male,ذكر,1853
45 - 49,45 - 49,Above Secondary / Diploma,فوق الثانوي / دبلوم,Bahraini,بحريني,Male,ذكر,1193
50 - 54,50 - 54,Above Secondary / Diploma,فوق الثانوي / دبلوم,Bahraini,بحريني,Male,ذكر,1021
60 - 64,60 - 64,Above Secondary / Diploma,فوق الثانوي / دبلوم,Bahraini,بحريني,Male,ذكر,453
65 Years & Above,65 سنة فأكثر,Above Secondary / Diploma,فوق الثانوي / دبلوم,Bahraini,بحريني,Male,ذكر,286
45 - 49,45 - 49,Bachelor,بكالوريوس,Bahraini,بحريني,Male,ذكر,2386
55 - 59,55 - 59,Bachelor,بكالوريوس,Bahraini,بحريني,Male,ذكر,1941
60 - 64,60 - 64,Bachelor,بكالوريوس,Bahraini,بحريني,Male,ذكر,1548
15 - 19,15 - 19,High Diploma,دبلوم عالي,Bahraini,بحريني,Male,ذكر,0
40 - 44,40 - 44,High Diploma,دبلوم عالي,Bahraini,بحريني,Male,ذكر,588
50 - 54,50 - 54,High Diploma,دبلوم عالي,Bahraini,بحريني,Male,ذكر,372
40 - 44,40 - 44,Masters,ماجستير,Bahraini,بحريني,Male,ذكر,754
50 - 54,50 - 54,Masters,ماجستير,Bahraini,بحريني,Male,ذكر,420
55 - 59,55 - 59,Masters,ماجستير,Bahraini,بحريني,Male,ذكر,406
65 Years & Above,65 سنة فأكثر,Masters,ماجستير,Bahraini,بحريني,Male,ذكر,396
15 - 19,15 - 19,Doctorate,دكتوراه,Bahraini,بحريني,Male,ذكر,0
20 - 24,20 - 24,Doctorate,دكتوراه,Bahraini,بحريني,Male,ذكر,3
25 - 29,25 - 29,Doctorate,دكتوراه,Bahraini,بحريني,Male,ذكر,10
40 - 44,40 - 44,Doctorate,دكتوراه,Bahraini,بحريني,Male,ذكر,84
50 - 54,50 - 54,Doctorate,دكتوراه,Bahraini,بحريني,Male,ذكر,87
50 - 54,50 - 54,Illiterate / Read Only,أمي / يقرأ فقط,Bahraini,بحريني,Female,أنثى,602
65 Years & Above,65 سنة فأكثر,Illiterate / Read Only,أمي / يقرأ فقط,Bahraini,بحريني,Female,أنثى,6912
15 - 19,15 - 19,Read & Write,يقرأ ويكتب,Bahraini,بحريني,Female,أنثى,310
20 - 24,20 - 24,Read & Write,يقرأ ويكتب,Bahraini,بحريني,Female,أنثى,673
45 - 49,45 - 49,Read & Write,يقرأ ويكتب,Bahraini,بحريني,Female,أنثى,1113
60 - 64,60 - 64,Read & Write,يقرأ ويكتب,Bahraini,بحريني,Female,أنثى,2685
20 - 24,20 - 24,Primary,ابتدائي,Bahraini,بحريني,Female,أنثى,801
25 - 29,25 - 29,Primary,ابتدائي,Bahraini,بحريني,Female,أنثى,774
40 - 44,40 - 44,Primary,ابتدائي,Bahraini,بحريني,Female,أنثى,854
45 - 49,45 - 49,Primary,ابتدائي,Bahraini,بحريني,Female,أنثى,864
50 - 54,50 - 54,Primary,ابتدائي,Bahraini,بحريني,Female,أنثى,1000
55 - 59,55 - 59,Primary,ابتدائي,Bahraini,بحريني,Female,أنثى,1223
15 - 19,15 - 19,Preparatory,إعدادي,Bahraini,بحريني,Female,أنثى,20481
20 - 24,20 - 24,Preparatory,إعدادي,Bahraini,بحريني,Female,أنثى,1993
25 - 29,25 - 29,Preparatory,إعدادي,Bahraini,بحريني,Female,أنثى,2876
30 - 34,30 - 34,Preparatory,إعدادي,Bahraini,بحريني,Female,أنثى,2658
45 - 49,45 - 49,Preparatory,إعدادي,Bahraini,بحريني,Female,أنثى,2036
55 - 59,55 - 59,Preparatory,إعدادي,Bahraini,بحريني,Female,أنثى,1591
25 - 29,25 - 29,Secondary,ثانوي,Bahraini,بحريني,Female,أنثى,8821
45 - 49,45 - 49,Secondary,ثانوي,Bahraini,بحريني,Female,أنثى,7334
60 - 64,60 - 64,Secondary,ثانوي,Bahraini,بحريني,Female,أنثى,5302
30 - 34,30 - 34,Above Secondary / Diploma,فوق الثانوي / دبلوم,Bahraini,بحريني,Female,أنثى,2913
45 - 49,45 - 49,Above Secondary / Diploma,فوق الثانوي / دبلوم,Bahraini,بحريني,Female,أنثى,742
60 - 64,60 - 64,Above Secondary / Diploma,فوق الثانوي / دبلوم,Bahraini,بحريني,Female,أنثى,207
65 Years & Above,65 سنة فأكثر,Above Secondary / Diploma,فوق الثانوي / دبلوم,Bahraini,بحريني,Female,أنثى,82
20 - 24,20 - 24,Bachelor,بكالوريوس,Bahraini,بحريني,Female,أنثى,10108
60 - 64,60 - 64,Bachelor,بكالوريوس,Bahraini,بحريني,Female,أنثى,1207
15 - 19,15 - 19,High Diploma,دبلوم عالي,Bahraini,بحريني,Female,أنثى,0
20 - 24,20 - 24,High Diploma,دبلوم عالي,Bahraini,بحريني,Female,أنثى,58
25 - 29,25 - 29,High Diploma,دبلوم عالي,Bahraini,بحريني,Female,أنثى,384
45 - 49,45 - 49,High Diploma,دبلوم عالي,Bahraini,بحريني,Female,أنثى,480
50 - 54,50 - 54,High Diploma,دبلوم عالي,Bahraini,بحريني,Female,أنثى,356
55 - 59,55 - 59,High Diploma,دبلوم عالي,Bahraini,بحريني,Female,أنثى,361
15 - 19,15 - 19,Masters,ماجستير,Bahraini,بحريني,Female,أنثى,0
35 - 39,35 - 39,Masters,ماجستير,Bahraini,بحريني,Female,أنثى,911
40 - 44,40 - 44,Masters,ماجستير,Bahraini,بحريني,Female,أنثى,765
35 - 39,35 - 39,Doctorate,دكتوراه,Bahraini,بحريني,Female,أنثى,52
60 - 64,60 - 64,Doctorate,دكتوراه,Bahraini,بحريني,Female,أنثى,52
15 - 19,15 - 19,Illiterate / Read Only,أمي / يقرأ فقط,Non-Bahraini,غير بحريني,Male,ذكر,53
20 - 24,20 - 24,Illiterate / Read Only,أمي / يقرأ فقط,Non-Bahraini,غير بحريني,Male,ذكر,292
30 - 34,30 - 34,Illiterate / Read Only,أمي / يقرأ فقط,Non-Bahraini,غير بحريني,Male,ذكر,802
40 - 44,40 - 44,Illiterate / Read Only,أمي / يقرأ فقط,Non-Bahraini,غير بحريني,Male,ذكر,212
45 - 49,45 - 49,Illiterate / Read Only,أمي / يقرأ فقط,Non-Bahraini,غير بحريني,Male,ذكر,113
50 - 54,50 - 54,Illiterate / Read Only,أمي / يقرأ فقط,Non-Bahraini,غير بحريني,Male,ذكر,66
60 - 64,60 - 64,Illiterate / Read Only,أمي / يقرأ فقط,Non-Bahraini,غير بحريني,Male,ذكر,11
65 Years & Above,65 سنة فأكثر,Illiterate / Read Only,أمي / يقرأ فقط,Non-Bahraini,غير بحريني,Male,ذكر,23
15 - 19,15 - 19,Read & Write,يقرأ ويكتب,Non-Bahraini,غير بحريني,Male,ذكر,311
20 - 24,20 - 24,Read & Write,يقرأ ويكتب,Non-Bahraini,غير بحريني,Male,ذكر,1588
35 - 39,35 - 39,Read & Write,يقرأ ويكتب,Non-Bahraini,غير بحريني,Male,ذكر,2900
40 - 44,40 - 44,Read & Write,يقرأ ويكتب,Non-Bahraini,غير بحريني,Male,ذكر,1953
50 - 54,50 - 54,Read & Write,يقرأ ويكتب,Non-Bahraini,غير بحريني,Male,ذكر,889
65 Years & Above,65 سنة فأكثر,Read & Write,يقرأ ويكتب,Non-Bahraini,غير بحريني,Male,ذكر,136
20 - 24,20 - 24,Primary,ابتدائي,Non-Bahraini,غير بحريني,Male,ذكر,5452
35 - 39,35 - 39,Primary,ابتدائي,Non-Bahraini,غير بحريني,Male,ذكر,19209
40 - 44,40 - 44,Primary,ابتدائي,Non-Bahraini,غير بحريني,Male,ذكر,8586
55 - 59,55 - 59,Primary,ابتدائي,Non-Bahraini,غير بحريني,Male,ذكر,1279
20 - 24,20 - 24,Preparatory,إعدادي,Non-Bahraini,غير بحريني,Male,ذكر,5767
25 - 29,25 - 29,Preparatory,إعدادي,Non-Bahraini,غير بحريني,Male,ذكر,12790
50 - 54,50 - 54,Secondary,ثانوي,Non-Bahraini,غير بحريني,Male,ذكر,15537
15 - 19,15 - 19,Above Secondary / Diploma,فوق الثانوي / دبلوم,Non-Bahraini,غير بحريني,Male,ذكر,178
20 - 24,20 - 24,Above Secondary / Diploma,فوق الثانوي / دبلوم,Non-Bahraini,غير بحريني,Male,ذكر,3077
30 - 34,30 - 34,Above Secondary / Diploma,فوق الثانوي / دبلوم,Non-Bahraini,غير بحريني,Male,ذكر,12348
40 - 44,40 - 44,Above Secondary / Diploma,فوق الثانوي / دبلوم,Non-Bahraini,غير بحريني,Male,ذكر,8464
45 - 49,45 - 49,Above Secondary / Diploma,فوق الثانوي / دبلوم,Non-Bahraini,غير بحريني,Male,ذكر,6804
50 - 54,50 - 54,Above Secondary / Diploma,فوق الثانوي / دبلوم,Non-Bahraini,غير بحريني,Male,ذكر,4554
40 - 44,40 - 44,Bachelor,بكالوريوس,Non-Bahraini,غير بحريني,Male,ذكر,9003
55 - 59,55 - 59,Bachelor,بكالوريوس,Non-Bahraini,غير بحريني,Male,ذكر,3299
15 - 19,15 - 19,High Diploma,دبلوم عالي,Non-Bahraini,غير بحريني,Male,ذكر,0
25 - 29,25 - 29,High Diploma,دبلوم عالي,Non-Bahraini,غير بحريني,Male,ذكر,2040
30 - 34,30 - 34,High Diploma,دبلوم عالي,Non-Bahraini,غير بحريني,Male,ذكر,3818
50 - 54,50 - 54,High Diploma,دبلوم عالي,Non-Bahraini,غير بحريني,Male,ذكر,1321
60 - 64,60 - 64,High Diploma,دبلوم عالي,Non-Bahraini,غير بحريني,Male,ذكر,410
60 - 64,60 - 64,Masters,ماجستير,Non-Bahraini,غير بحريني,Male,ذكر,299
30 - 34,30 - 34,Doctorate,دكتوراه,Non-Bahraini,غير بحريني,Male,ذكر,108
35 - 39,35 - 39,Doctorate,دكتوراه,Non-Bahraini,غير بحريني,Male,ذكر,180
40 - 44,40 - 44,Doctorate,دكتوراه,Non-Bahraini,غير بحريني,Male,ذكر,158
50 - 54,50 - 54,Doctorate,دكتوراه,Non-Bahraini,غير بحريني,Male,ذكر,137
55 - 59,55 - 59,Doctorate,دكتوراه,Non-Bahraini,غير بحريني,Male,ذكر,115
60 - 64,60 - 64,Doctorate,دكتوراه,Non-Bahraini,غير بحريني,Male,ذكر,82
15 - 19,15 - 19,Illiterate / Read Only,أمي / يقرأ فقط,Non-Bahraini,غير بحريني,Female,أنثى,48
25 - 29,25 - 29,Illiterate / Read Only,أمي / يقرأ فقط,Non-Bahraini,غير بحريني,Female,أنثى,455
55 - 59,55 - 59,Illiterate / Read Only,أمي / يقرأ فقط,Non-Bahraini,غير بحريني,Female,أنثى,305
15 - 19,15 - 19,Read & Write,يقرأ ويكتب,Non-Bahraini,غير بحريني,Female,أنثى,225
35 - 39,35 - 39,Read & Write,يقرأ ويكتب,Non-Bahraini,غير بحريني,Female,أنثى,3037
45 - 49,45 - 49,Read & Write,يقرأ ويكتب,Non-Bahraini,غير بحريني,Female,أنثى,264
55 - 59,55 - 59,Read & Write,يقرأ ويكتب,Non-Bahraini,غير بحريني,Female,أنثى,102
60 - 64,60 - 64,Read & Write,يقرأ ويكتب,Non-Bahraini,غير بحريني,Female,أنثى,75
40 - 44,40 - 44,Primary,ابتدائي,Non-Bahraini,غير بحريني,Female,أنثى,2285
45 - 49,45 - 49,Primary,ابتدائي,Non-Bahraini,غير بحريني,Female,أنثى,2100
25 - 29,25 - 29,Preparatory,إعدادي,Non-Bahraini,غير بحريني,Female,أنثى,5581
30 - 34,30 - 34,Preparatory,إعدادي,Non-Bahraini,غير بحريني,Female,أنثى,5045
50 - 54,50 - 54,Preparatory,إعدادي,Non-Bahraini,غير بحريني,Female,أنثى,2177
55 - 59,55 - 59,Preparatory,إعدادي,Non-Bahraini,غير بحريني,Female,أنثى,1476
15 - 19,15 - 19,Secondary,ثانوي,Non-Bahraini,غير بحريني,Female,أنثى,2218
25 - 29,25 - 29,Secondary,ثانوي,Non-Bahraini,غير بحريني,Female,أنثى,6313
35 - 39,35 - 39,Secondary,ثانوي,Non-Bahraini,غير بحريني,Female,أنثى,6128
40 - 44,40 - 44,Secondary,ثانوي,Non-Bahraini,غير بحريني,Female,أنثى,8655
65 Years & Above,65 سنة فأكثر,Secondary,ثانوي,Non-Bahraini,غير بحريني,Female,أنثى,1350
25 - 29,25 - 29,Above Secondary / Diploma,فوق الثانوي / دبلوم,Non-Bahraini,غير بحريني,Female,أنثى,2144
40 - 44,40 - 44,Above Secondary / Diploma,فوق الثانوي / دبلوم,Non-Bahraini,غير بحريني,Female,أنثى,2059
60 - 64,60 - 64,Above Secondary / Diploma,فوق الثانوي / دبلوم,Non-Bahraini,غير بحريني,Female,أنثى,309
65 Years & Above,65 سنة فأكثر,Above Secondary / Diploma,فوق الثانوي / دبلوم,Non-Bahraini,غير بحريني,Female,أنثى,187
20 - 24,20 - 24,Bachelor,بكالوريوس,Non-Bahraini,غير بحريني,Female,أنثى,1511
50 - 54,50 - 54,Bachelor,بكالوريوس,Non-Bahraini,غير بحريني,Female,أنثى,1208
55 - 59,55 - 59,Bachelor,بكالوريوس,Non-Bahraini,غير بحريني,Female,أنثى,797
60 - 64,60 - 64,Bachelor,بكالوريوس,Non-Bahraini,غير بحريني,Female,أنثى,382
30 - 34,30 - 34,High Diploma,دبلوم عالي,Non-Bahraini,غير بحريني,Female,أنثى,1505
35 - 39,35 - 39,High Diploma,دبلوم عالي,Non-Bahraini,غير بحريني,Female,أنثى,1450
60 - 64,60 - 64,High Diploma,دبلوم عالي,Non-Bahraini,غير بحريني,Female,أنثى,81
40 - 44,40 - 44,Masters,ماجستير,Non-Bahraini,غير بحريني,Female,أنثى,315
45 - 49,45 - 49,Masters,ماجستير,Non-Bahraini,غير بحريني,Female,أنثى,199
50 - 54,50 - 54,Masters,ماجستير,Non-Bahraini,غير بحريني,Female,أنثى,131
65 Years & Above,65 سنة فأكثر,Masters,ماجستير,Non-Bahraini,غير بحريني,Female,أنثى,48
15 - 19,15 - 19,Doctorate,دكتوراه,Non-Bahraini,غير بحريني,Female,أنثى,0
25 - 29,25 - 29,Doctorate,دكتوراه,Non-Bahraini,غير بحريني,Female,أنثى,7
30 - 34,30 - 34,Doctorate,دكتوراه,Non-Bahraini,غير بحريني,Female,أنثى,27
35 - 39,35 - 39,Doctorate,دكتوراه,Non-Bahraini,غير بحريني,Female,أنثى,43
40 - 44,40 - 44,Doctorate,دكتوراه,Non-Bahraini,غير بحريني,Female,أنثى,56
55 - 59,55 - 59,Doctorate,دكتوراه,Non-Bahraini,غير بحريني,Female,أنثى,19
35 - 39,35 - 39,Illiterate / Read Only,أمي / يقرأ فقط,Bahraini,بحريني,Male,ذكر,64
50 - 54,50 - 54,Illiterate / Read Only,أمي / يقرأ فقط,Bahraini,بحريني,Male,ذكر,74
65 Years & Above,65 سنة فأكثر,Illiterate / Read Only,أمي / يقرأ فقط,Bahraini,بحريني,Male,ذكر,2731
15 - 19,15 - 19,Read & Write,يقرأ ويكتب,Bahraini,بحريني,Male,ذكر,388
20 - 24,20 - 24,Read & Write,يقرأ ويكتب,Bahraini,بحريني,Male,ذكر,868
45 - 49,45 - 49,Read & Write,يقرأ ويكتب,Bahraini,بحريني,Male,ذكر,354
60 - 64,60 - 64,Read & Write,يقرأ ويكتب,Bahraini,بحريني,Male,ذكر,1916
25 - 29,25 - 29,Primary,ابتدائي,Bahraini,بحريني,Male,ذكر,1126
30 - 34,30 - 34,Primary,ابتدائي,Bahraini,بحريني,Male,ذكر,1453
40 - 44,40 - 44,Primary,ابتدائي,Bahraini,بحريني,Male,ذكر,1754
50 - 54,50 - 54,Primary,ابتدائي,Bahraini,بحريني,Male,ذكر,1954
55 - 59,55 - 59,Primary,ابتدائي,Bahraini,بحريني,Male,ذكر,2021
60 - 64,60 - 64,Primary,ابتدائي,Bahraini,بحريني,Male,ذكر,994
15 - 19,15 - 19,Preparatory,إعدادي,Bahraini,بحريني,Male,ذكر,20171
25 - 29,25 - 29,Preparatory,إعدادي,Bahraini,بحريني,Male,ذكر,2135
30 - 34,30 - 34,Preparatory,إعدادي,Bahraini,بحريني,Male,ذكر,1695
35 - 39,35 - 39,Preparatory,إعدادي,Bahraini,بحريني,Male,ذكر,1621
40 - 44,40 - 44,Preparatory,إعدادي,Bahraini,بحريني,Male,ذكر,1659
55 - 59,55 - 59,Preparatory,إعدادي,Bahraini,بحريني,Male,ذكر,2005
60 - 64,60 - 64,Preparatory,إعدادي,Bahraini,بحريني,Male,ذكر,1714
65 Years & Above,65 سنة فأكثر,Preparatory,إعدادي,Bahraini,بحريني,Male,ذكر,2129
30 - 34,30 - 34,Secondary,ثانوي,Bahraini,بحريني,Male,ذكر,10910
40 - 44,40 - 44,Secondary,ثانوي,Bahraini,بحريني,Male,ذكر,10052
45 - 49,45 - 49,Secondary,ثانوي,Bahraini,بحريني,Male,ذكر,9224
65 Years & Above,65 سنة فأكثر,Secondary,ثانوي,Bahraini,بحريني,Male,ذكر,7893
30 - 34,30 - 34,Above Secondary / Diploma,فوق الثانوي / دبلوم,Bahraini,بحريني,Male,ذكر,2583
30 - 34,30 - 34,Bachelor,بكالوريوس,Bahraini,بحريني,Male,ذكر,8943
40 - 44,40 - 44,Bachelor,بكالوريوس,Bahraini,بحريني,Male,ذكر,4372
35 - 39,35 - 39,High Diploma,دبلوم عالي,Bahraini,بحريني,Male,ذكر,554
55 - 59,55 - 59,High Diploma,دبلوم عالي,Bahraini,بحريني,Male,ذكر,330
60 - 64,60 - 64,High Diploma,دبلوم عالي,Bahraini,بحريني,Male,ذكر,276
65 Years & Above,65 سنة فأكثر,High Diploma,دبلوم عالي,Bahraini,بحريني,Male,ذكر,468
15 - 19,15 - 19,Masters,ماجستير,Bahraini,بحريني,Male,ذكر,0
20 - 24,20 - 24,Masters,ماجستير,Bahraini,بحريني,Male,ذكر,24
25 - 29,25 - 29,Masters,ماجستير,Bahraini,بحريني,Male,ذكر,273
45 - 49,45 - 49,Masters,ماجستير,Bahraini,بحريني,Male,ذكر,494
60 - 64,60 - 64,Masters,ماجستير,Bahraini,بحريني,Male,ذكر,306
30 - 34,30 - 34,Doctorate,دكتوراه,Bahraini,بحريني,Male,ذكر,26
65 Years & Above,65 سنة فأكثر,Doctorate,دكتوراه,Bahraini,بحريني,Male,ذكر,285
15 - 19,15 - 19,Illiterate / Read Only,أمي / يقرأ فقط,Bahraini,بحريني,Female,أنثى,25
30 - 34,30 - 34,Illiterate / Read Only,أمي / يقرأ فقط,Bahraini,بحريني,Female,أنثى,195
55 - 59,55 - 59,Illiterate / Read Only,أمي / يقرأ فقط,Bahraini,بحريني,Female,أنثى,1129
60 - 64,60 - 64,Illiterate / Read Only,أمي / يقرأ فقط,Bahraini,بحريني,Female,أنثى,1491
25 - 29,25 - 29,Read & Write,يقرأ ويكتب,Bahraini,بحريني,Female,أنثى,829
50 - 54,50 - 54,Read & Write,يقرأ ويكتب,Bahraini,بحريني,Female,أنثى,1885
55 - 59,55 - 59,Read & Write,يقرأ ويكتب,Bahraini,بحريني,Female,أنثى,2843
15 - 19,15 - 19,Primary,ابتدائي,Bahraini,بحريني,Female,أنثى,1519
35 - 39,35 - 39,Primary,ابتدائي,Bahraini,بحريني,Female,أنثى,786
65 Years & Above,65 سنة فأكثر,Primary,ابتدائي,Bahraini,بحريني,Female,أنثى,1011
65 Years & Above,65 سنة فأكثر,Preparatory,إعدادي,Bahraini,بحريني,Female,أنثى,844
20 - 24,20 - 24,Secondary,ثانوي,Bahraini,بحريني,Female,أنثى,12531
30 - 34,30 - 34,Secondary,ثانوي,Bahraini,بحريني,Female,أنثى,8832
35 - 39,35 - 39,Secondary,ثانوي,Bahraini,بحريني,Female,أنثى,8259
50 - 54,50 - 54,Secondary,ثانوي,Bahraini,بحريني,Female,أنثى,7845
65 Years & Above,65 سنة فأكثر,Secondary,ثانوي,Bahraini,بحريني,Female,أنثى,5429
15 - 19,15 - 19,Above Secondary / Diploma,فوق الثانوي / دبلوم,Bahraini,بحريني,Female,أنثى,834
20 - 24,20 - 24,Above Secondary / Diploma,فوق الثانوي / دبلوم,Bahraini,بحريني,Female,أنثى,3001
40 - 44,40 - 44,Above Secondary / Diploma,فوق الثانوي / دبلوم,Bahraini,بحريني,Female,أنثى,1149
50 - 54,50 - 54,Above Secondary / Diploma,فوق الثانوي / دبلوم,Bahraini,بحريني,Female,أنثى,541
15 - 19,15 - 19,Bachelor,بكالوريوس,Bahraini,بحريني,Female,أنثى,0
30 - 34,30 - 34,Bachelor,بكالوريوس,Bahraini,بحريني,Female,أنثى,8927
35 - 39,35 - 39,Bachelor,بكالوريوس,Bahraini,بحريني,Female,أنثى,8385
50 - 54,50 - 54,Bachelor,بكالوريوس,Bahraini,بحريني,Female,أنثى,2403
55 - 59,55 - 59,Bachelor,بكالوريوس,Bahraini,بحريني,Female,أنثى,1860
65 Years & Above,65 سنة فأكثر,Bachelor,بكالوريوس,Bahraini,بحريني,Female,أنثى,866
30 - 34,30 - 34,High Diploma,دبلوم عالي,Bahraini,بحريني,Female,أنثى,846
35 - 39,35 - 39,High Diploma,دبلوم عالي,Bahraini,بحريني,Female,أنثى,581
60 - 64,60 - 64,High Diploma,دبلوم عالي,Bahraini,بحريني,Female,أنثى,295
20 - 24,20 - 24,Masters,ماجستير,Bahraini,بحريني,Female,أنثى,34
50 - 54,50 - 54,Masters,ماجستير,Bahraini,بحريني,Female,أنثى,240
55 - 59,55 - 59,Masters,ماجستير,Bahraini,بحريني,Female,أنثى,176
65 Years & Above,65 سنة فأكثر,Masters,ماجستير,Bahraini,بحريني,Female,أنثى,104
20 - 24,20 - 24,Doctorate,دكتوراه,Bahraini,بحريني,Female,أنثى,1
65 Years & Above,65 سنة فأكثر,Doctorate,دكتوراه,Bahraini,بحريني,Female,أنثى,61
25 - 29,25 - 29,Illiterate / Read Only,أمي / يقرأ فقط,Non-Bahraini,غير بحريني,Male,ذكر,637
35 - 39,35 - 39,Illiterate / Read Only,أمي / يقرأ فقط,Non-Bahraini,غير بحريني,Male,ذكر,436
30 - 34,30 - 34,Read & Write,يقرأ ويكتب,Non-Bahraini,غير بحريني,Male,ذكر,3301
45 - 49,45 - 49,Read & Write,يقرأ ويكتب,Non-Bahraini,غير بحريني,Male,ذكر,1410
25 - 29,25 - 29,Primary,ابتدائي,Non-Bahraini,غير بحريني,Male,ذكر,12869
30 - 34,30 - 34,Primary,ابتدائي,Non-Bahraini,غير بحريني,Male,ذكر,26209
65 Years & Above,65 سنة فأكثر,Primary,ابتدائي,Non-Bahraini,غير بحريني,Male,ذكر,19
45 - 49,45 - 49,Preparatory,إعدادي,Non-Bahraini,غير بحريني,Male,ذكر,5433
50 - 54,50 - 54,Preparatory,إعدادي,Non-Bahraini,غير بحريني,Male,ذكر,2874
55 - 59,55 - 59,Preparatory,إعدادي,Non-Bahraini,غير بحريني,Male,ذكر,879
60 - 64,60 - 64,Preparatory,إعدادي,Non-Bahraini,غير بحريني,Male,ذكر,619
30 - 34,30 - 34,Secondary,ثانوي,Non-Bahraini,غير بحريني,Male,ذكر,34071
35 - 39,35 - 39,Secondary,ثانوي,Non-Bahraini,غير بحريني,Male,ذكر,36350
40 - 44,40 - 44,Secondary,ثانوي,Non-Bahraini,غير بحريني,Male,ذكر,31381
45 - 49,45 - 49,Secondary,ثانوي,Non-Bahraini,غير بحريني,Male,ذكر,23809
55 - 59,55 - 59,Secondary,ثانوي,Non-Bahraini,غير بحريني,Male,ذكر,8681
65 Years & Above,65 سنة فأكثر,Secondary,ثانوي,Non-Bahraini,غير بحريني,Male,ذكر,1803
25 - 29,25 - 29,Above Secondary / Diploma,فوق الثانوي / دبلوم,Non-Bahraini,غير بحريني,Male,ذكر,10615
60 - 64,60 - 64,Above Secondary / Diploma,فوق الثانوي / دبلوم,Non-Bahraini,غير بحريني,Male,ذكر,1623
65 Years & Above,65 سنة فأكثر,Above Secondary / Diploma,فوق الثانوي / دبلوم,Non-Bahraini,غير بحريني,Male,ذكر,745
20 - 24,20 - 24,Bachelor,بكالوريوس,Non-Bahraini,غير بحريني,Male,ذكر,1569
25 - 29,25 - 29,Bachelor,بكالوريوس,Non-Bahraini,غير بحريني,Male,ذكر,9267
50 - 54,50 - 54,Bachelor,بكالوريوس,Non-Bahraini,غير بحريني,Male,ذكر,5165
40 - 44,40 - 44,High Diploma,دبلوم عالي,Non-Bahraini,غير بحريني,Male,ذكر,2692
55 - 59,55 - 59,High Diploma,دبلوم عالي,Non-Bahraini,غير بحريني,Male,ذكر,731
25 - 29,25 - 29,Masters,ماجستير,Non-Bahraini,غير بحريني,Male,ذكر,756
50 - 54,50 - 54,Masters,ماجستير,Non-Bahraini,غير بحريني,Male,ذكر,738
25 - 29,25 - 29,Doctorate,دكتوراه,Non-Bahraini,غير بحريني,Male,ذكر,28
65 Years & Above,65 سنة فأكثر,Doctorate,دكتوراه,Non-Bahraini,غير بحريني,Male,ذكر,105
40 - 44,40 - 44,Illiterate / Read Only,أمي / يقرأ فقط,Non-Bahraini,غير بحريني,Female,أنثى,179
50 - 54,50 - 54,Illiterate / Read Only,أمي / يقرأ فقط,Non-Bahraini,غير بحريني,Female,أنثى,40
60 - 64,60 - 64,Illiterate / Read Only,أمي / يقرأ فقط,Non-Bahraini,غير بحريني,Female,أنثى,503
25 - 29,25 - 29,Read & Write,يقرأ ويكتب,Non-Bahraini,غير بحريني,Female,أنثى,3045
65 Years & Above,65 سنة فأكثر,Read & Write,يقرأ ويكتب,Non-Bahraini,غير بحريني,Female,أنثى,134
35 - 39,35 - 39,Primary,ابتدائي,Non-Bahraini,غير بحريني,Female,أنثى,3842
50 - 54,50 - 54,Primary,ابتدائي,Non-Bahraini,غير بحريني,Female,أنثى,1073
55 - 59,55 - 59,Primary,ابتدائي,Non-Bahraini,غير بحريني,Female,أنثى,1037
65 Years & Above,65 سنة فأكثر,Primary,ابتدائي,Non-Bahraini,غير بحريني,Female,أنثى,40
15 - 19,15 - 19,Preparatory,إعدادي,Non-Bahraini,غير بحريني,Female,أنثى,4209
20 - 24,20 - 24,Preparatory,إعدادي,Non-Bahraini,غير بحريني,Female,أنثى,1848
60 - 64,60 - 64,Preparatory,إعدادي,Non-Bahraini,غير بحريني,Female,أنثى,551
30 - 34,30 - 34,Secondary,ثانوي,Non-Bahraini,غير بحريني,Female,أنثى,7647
45 - 49,45 - 49,Secondary,ثانوي,Non-Bahraini,غير بحريني,Female,أنثى,6881
50 - 54,50 - 54,Secondary,ثانوي,Non-Bahraini,غير بحريني,Female,أنثى,4675
60 - 64,60 - 64,Secondary,ثانوي,Non-Bahraini,غير بحريني,Female,أنثى,736
15 - 19,15 - 19,Above Secondary / Diploma,فوق الثانوي / دبلوم,Non-Bahraini,غير بحريني,Female,أنثى,20
35 - 39,35 - 39,Above Secondary / Diploma,فوق الثانوي / دبلوم,Non-Bahraini,غير بحريني,Female,أنثى,2606
45 - 49,45 - 49,Above Secondary / Diploma,فوق الثانوي / دبلوم,Non-Bahraini,غير بحريني,Female,أنثى,1385
55 - 59,55 - 59,Above Secondary / Diploma,فوق الثانوي / دبلوم,Non-Bahraini,غير بحريني,Female,أنثى,616
25 - 29,25 - 29,Bachelor,بكالوريوس,Non-Bahraini,غير بحريني,Female,أنثى,5106
40 - 44,40 - 44,Bachelor,بكالوريوس,Non-Bahraini,غير بحريني,Female,أنثى,4290
45 - 49,45 - 49,Bachelor,بكالوريوس,Non-Bahraini,غير بحريني,Female,أنثى,2784
20 - 24,20 - 24,High Diploma,دبلوم عالي,Non-Bahraini,غير بحريني,Female,أنثى,86
40 - 44,40 - 44,High Diploma,دبلوم عالي,Non-Bahraini,غير بحريني,Female,أنثى,1000
45 - 49,45 - 49,High Diploma,دبلوم عالي,Non-Bahraini,غير بحريني,Female,أنثى,546
55 - 59,55 - 59,High Diploma,دبلوم عالي,Non-Bahraini,غير بحريني,Female,أنثى,189
65 Years & Above,65 سنة فأكثر,High Diploma,دبلوم عالي,Non-Bahraini,غير بحريني,Female,أنثى,68
15 - 19,15 - 19,Masters,ماجستير,Non-Bahraini,غير بحريني,Female,أنثى,0
35 - 39,35 - 39,Masters,ماجستير,Non-Bahraini,غير بحريني,Female,أنثى,432
20 - 24,20 - 24,Doctorate,دكتوراه,Non-Bahraini,غير بحريني,Female,أنثى,2
60 - 64,60 - 64,Doctorate,دكتوراه,Non-Bahraini,غير بحريني,Female,أنثى,18
15 - 19,15 - 19,Illiterate / Read Only,أمي / يقرأ فقط,Bahraini,بحريني,Male,ذكر,169
20 - 24,20 - 24,Illiterate / Read Only,أمي / يقرأ فقط,Bahraini,بحريني,Male,ذكر,89
25 - 29,25 - 29,Illiterate / Read Only,أمي / يقرأ فقط,Bahraini,بحريني,Male,ذكر,101
40 - 44,40 - 44,Illiterate / Read Only,أمي / يقرأ فقط,Bahraini,بحريني,Male,ذكر,48
45 - 49,45 - 49,Illiterate / Read Only,أمي / يقرأ فقط,Bahraini,بحريني,Male,ذكر,42
55 - 59,55 - 59,Illiterate / Read Only,أمي / يقرأ فقط,Bahraini,بحريني,Male,ذكر,181
25 - 29,25 - 29,Read & Write,يقرأ ويكتب,Bahraini,بحريني,Male,ذكر,659
30 - 34,30 - 34,Read & Write,يقرأ ويكتب,Bahraini,بحريني,Male,ذكر,466
35 - 39,35 - 39,Read & Write,يقرأ ويكتب,Bahraini,بحريني,Male,ذكر,423
40 - 44,40 - 44,Read & Write,يقرأ ويكتب,Bahraini,بحريني,Male,ذكر,531
65 Years & Above,65 سنة فأكثر,Read & Write,يقرأ ويكتب,Bahraini,بحريني,Male,ذكر,3231
35 - 39,35 - 39,Primary,ابتدائي,Bahraini,بحريني,Male,ذكر,1039
65 Years & Above,65 سنة فأكثر,Primary,ابتدائي,Bahraini,بحريني,Male,ذكر,1361
45 - 49,45 - 49,Preparatory,إعدادي,Bahraini,بحريني,Male,ذكر,1906
15 - 19,15 - 19,Secondary,ثانوي,Bahraini,بحريني,Male,ذكر,8038
25 - 29,25 - 29,Secondary,ثانوي,Bahraini,بحريني,Male,ذكر,12571
55 - 59,55 - 59,Secondary,ثانوي,Bahraini,بحريني,Male,ذكر,6683
60 - 64,60 - 64,Secondary,ثانوي,Bahraini,بحريني,Male,ذكر,5304
15 - 19,15 - 19,Above Secondary / Diploma,فوق الثانوي / دبلوم,Bahraini,بحريني,Male,ذكر,794
35 - 39,35 - 39,Above Secondary / Diploma,فوق الثانوي / دبلوم,Bahraini,بحريني,Male,ذكر,2466
55 - 59,55 - 59,Above Secondary / Diploma,فوق الثانوي / دبلوم,Bahraini,بحريني,Male,ذكر,941
15 - 19,15 - 19,Bachelor,بكالوريوس,Bahraini,بحريني,Male,ذكر,0
20 - 24,20 - 24,Bachelor,بكالوريوس,Bahraini,بحريني,Male,ذكر,10117
25 - 29,25 - 29,Bachelor,بكالوريوس,Bahraini,بحريني,Male,ذكر,10676
35 - 39,35 - 39,Bachelor,بكالوريوس,Bahraini,بحريني,Male,ذكر,7633
50 - 54,50 - 54,Bachelor,بكالوريوس,Bahraini,بحريني,Male,ذكر,2070
65 Years & Above,65 سنة فأكثر,Bachelor,بكالوريوس,Bahraini,بحريني,Male,ذكر,1885
20 - 24,20 - 24,High Diploma,دبلوم عالي,Bahraini,بحريني,Male,ذكر,50
25 - 29,25 - 29,High Diploma,دبلوم عالي,Bahraini,بحريني,Male,ذكر,274
30 - 34,30 - 34,High Diploma,دبلوم عالي,Bahraini,بحريني,Male,ذكر,618
45 - 49,45 - 49,High Diploma,دبلوم عالي,Bahraini,بحريني,Male,ذكر,380
30 - 34,30 - 34,Masters,ماجستير,Bahraini,بحريني,Male,ذكر,659
35 - 39,35 - 39,Masters,ماجستير,Bahraini,بحريني,Male,ذكر,872
35 - 39,35 - 39,Doctorate,دكتوراه,Bahraini,بحريني,Male,ذكر,50
45 - 49,45 - 49,Doctorate,دكتوراه,Bahraini,بحريني,Male,ذكر,90
55 - 59,55 - 59,Doctorate,دكتوراه,Bahraini,بحريني,Male,ذكر,124
60 - 64,60 - 64,Doctorate,دكتوراه,Bahraini,بحريني,Male,ذكر,128
20 - 24,20 - 24,Illiterate / Read Only,أمي / يقرأ فقط,Bahraini,بحريني,Female,أنثى,70
25 - 29,25 - 29,Illiterate / Read Only,أمي / يقرأ فقط,Bahraini,بحريني,Female,أنثى,96
35 - 39,35 - 39,Illiterate / Read Only,أمي / يقرأ فقط,Bahraini,بحريني,Female,أنثى,190
40 - 44,40 - 44,Illiterate / Read Only,أمي / يقرأ فقط,Bahraini,بحريني,Female,أنثى,151
45 - 49,45 - 49,Illiterate / Read Only,أمي / يقرأ فقط,Bahraini,بحريني,Female,أنثى,230
30 - 34,30 - 34,Read & Write,يقرأ ويكتب,Bahraini,بحريني,Female,أنثى,910
35 - 39,35 - 39,Read & Write,يقرأ ويكتب,Bahraini,بحريني,Female,أنثى,1006
40 - 44,40 - 44,Read & Write,يقرأ ويكتب,Bahraini,بحريني,Female,أنثى,1173
65 Years & Above,65 سنة فأكثر,Read & Write,يقرأ ويكتب,Bahraini,بحريني,Female,أنثى,4149
30 - 34,30 - 34,Primary,ابتدائي,Bahraini,بحريني,Female,أنثى,609
60 - 64,60 - 64,Primary,ابتدائي,Bahraini,بحريني,Female,أنثى,853
35 - 39,35 - 39,Preparatory,إعدادي,Bahraini,بحريني,Female,أنثى,2096
40 - 44,40 - 44,Preparatory,إعدادي,Bahraini,بحريني,Female,أنثى,2364
50 - 54,50 - 54,Preparatory,إعدادي,Bahraini,بحريني,Female,أنثى,2149
60 - 64,60 - 64,Preparatory,إعدادي,Bahraini,بحريني,Female,أنثى,1009
15 - 19,15 - 19,Secondary,ثانوي,Bahraini,بحريني,Female,أنثى,8081
40 - 44,40 - 44,Secondary,ثانوي,Bahraini,بحريني,Female,أنثى,8059
55 - 59,55 - 59,Secondary,ثانوي,Bahraini,بحريني,Female,أنثى,6967
25 - 29,25 - 29,Above Secondary / Diploma,فوق الثانوي / دبلوم,Bahraini,بحريني,Female,أنثى,2430
35 - 39,35 - 39,Above Secondary / Diploma,فوق الثانوي / دبلوم,Bahraini,بحريني,Female,أنثى,1559
55 - 59,55 - 59,Above Secondary / Diploma,فوق الثانوي / دبلوم,Bahraini,بحريني,Female,أنثى,394
25 - 29,25 - 29,Bachelor,بكالوريوس,Bahraini,بحريني,Female,أنثى,12357
40 - 44,40 - 44,Bachelor,بكالوريوس,Bahraini,بحريني,Female,أنثى,5950
45 - 49,45 - 49,Bachelor,بكالوريوس,Bahraini,بحريني,Female,أنثى,4181
40 - 44,40 - 44,High Diploma,دبلوم عالي,Bahraini,بحريني,Female,أنثى,695
65 Years & Above,65 سنة فأكثر,High Diploma,دبلوم عالي,Bahraini,بحريني,Female,أنثى,225
25 - 29,25 - 29,Masters,ماجستير,Bahraini,بحريني,Female,أنثى,284
30 - 34,30 - 34,Masters,ماجستير,Bahraini,بحريني,Female,أنثى,737
45 - 49,45 - 49,Masters,ماجستير,Bahraini,بحريني,Female,أنثى,345
60 - 64,60 - 64,Masters,ماجستير,Bahraini,بحريني,Female,أنثى,123
15 - 19,15 - 19,Doctorate,دكتوراه,Bahraini,بحريني,Female,أنثى,0
25 - 29,25 - 29,Doctorate,دكتوراه,Bahraini,بحريني,Female,أنثى,18
30 - 34,30 - 34,Doctorate,دكتوراه,Bahraini,بحريني,Female,أنثى,39
40 - 44,40 - 44,Doctorate,دكتوراه,Bahraini,بحريني,Female,أنثى,70
45 - 49,45 - 49,Doctorate,دكتوراه,Bahraini,بحريني,Female,أنثى,61
50 - 54,50 - 54,Doctorate,دكتوراه,Bahraini,بحريني,Female,أنثى,64
55 - 59,55 - 59,Doctorate,دكتوراه,Bahraini,بحريني,Female,أنثى,49
55 - 59,55 - 59,Illiterate / Read Only,أمي / يقرأ فقط,Non-Bahraini,غير بحريني,Male,ذكر,29
25 - 29,25 - 29,Read & Write,يقرأ ويكتب,Non-Bahraini,غير بحريني,Male,ذكر,2108
55 - 59,55 - 59,Read & Write,يقرأ ويكتب,Non-Bahraini,غير بحريني,Male,ذكر,499
60 - 64,60 - 64,Read & Write,يقرأ ويكتب,Non-Bahraini,غير بحريني,Male,ذكر,227
15 - 19,15 - 19,Primary,ابتدائي,Non-Bahraini,غير بحريني,Male,ذكر,837
45 - 49,45 - 49,Primary,ابتدائي,Non-Bahraini,غير بحريني,Male,ذكر,4317
50 - 54,50 - 54,Primary,ابتدائي,Non-Bahraini,غير بحريني,Male,ذكر,2171
60 - 64,60 - 64,Primary,ابتدائي,Non-Bahraini,غير بحريني,Male,ذكر,22
15 - 19,15 - 19,Preparatory,إعدادي,Non-Bahraini,غير بحريني,Male,ذكر,4022
30 - 34,30 - 34,Preparatory,إعدادي,Non-Bahraini,غير بحريني,Male,ذكر,26497
35 - 39,35 - 39,Preparatory,إعدادي,Non-Bahraini,غير بحريني,Male,ذكر,17929
40 - 44,40 - 44,Preparatory,إعدادي,Non-Bahraini,غير بحريني,Male,ذكر,9646
65 Years & Above,65 سنة فأكثر,Preparatory,إعدادي,Non-Bahraini,غير بحريني,Male,ذكر,75
15 - 19,15 - 19,Secondary,ثانوي,Non-Bahraini,غير بحريني,Male,ذكر,2660
20 - 24,20 - 24,Secondary,ثانوي,Non-Bahraini,غير بحريني,Male,ذكر,11204
25 - 29,25 - 29,Secondary,ثانوي,Non-Bahraini,غير بحريني,Male,ذكر,19917
60 - 64,60 - 64,Secondary,ثانوي,Non-Bahraini,غير بحريني,Male,ذكر,4228
35 - 39,35 - 39,Above Secondary / Diploma,فوق الثانوي / دبلوم,Non-Bahraini,غير بحريني,Male,ذكر,11203
55 - 59,55 - 59,Above Secondary / Diploma,فوق الثانوي / دبلوم,Non-Bahraini,غير بحريني,Male,ذكر,2858
15 - 19,15 - 19,Bachelor,بكالوريوس,Non-Bahraini,غير بحريني,Male,ذكر,0
30 - 34,30 - 34,Bachelor,بكالوريوس,Non-Bahraini,غير بحريني,Male,ذكر,18136
35 - 39,35 - 39,Bachelor,بكالوريوس,Non-Bahraini,غير بحريني,Male,ذكر,16533
45 - 49,45 - 49,Bachelor,بكالوريوس,Non-Bahraini,غير بحريني,Male,ذكر,8330
60 - 64,60 - 64,Bachelor,بكالوريوس,Non-Bahraini,غير بحريني,Male,ذكر,1885
65 Years & Above,65 سنة فأكثر,Bachelor,بكالوريوس,Non-Bahraini,غير بحريني,Male,ذكر,1249
20 - 24,20 - 24,High Diploma,دبلوم عالي,Non-Bahraini,غير بحريني,Male,ذكر,495
35 - 39,35 - 39,High Diploma,دبلوم عالي,Non-Bahraini,غير بحريني,Male,ذكر,3553
45 - 49,45 - 49,High Diploma,دبلوم عالي,Non-Bahraini,غير بحريني,Male,ذكر,2005
65 Years & Above,65 سنة فأكثر,High Diploma,دبلوم عالي,Non-Bahraini,غير بحريني,Male,ذكر,259
15 - 19,15 - 19,Masters,ماجستير,Non-Bahraini,غير بحريني,Male,ذكر,0
20 - 24,20 - 24,Masters,ماجستير,Non-Bahraini,غير بحريني,Male,ذكر,198
30 - 34,30 - 34,Masters,ماجستير,Non-Bahraini,غير بحريني,Male,ذكر,1383
35 - 39,35 - 39,Masters,ماجستير,Non-Bahraini,غير بحريني,Male,ذكر,1479
40 - 44,40 - 44,Masters,ماجستير,Non-Bahraini,غير بحريني,Male,ذكر,1314
45 - 49,45 - 49,Masters,ماجستير,Non-Bahraini,غير بحريني,Male,ذكر,1015
55 - 59,55 - 59,Masters,ماجستير,Non-Bahraini,غير بحريني,Male,ذكر,494
65 Years & Above,65 سنة فأكثر,Masters,ماجستير,Non-Bahraini,غير بحريني,Male,ذكر,260
15 - 19,15 - 19,Doctorate,دكتوراه,Non-Bahraini,غير بحريني,Male,ذكر,0
20 - 24,20 - 24,Doctorate,دكتوراه,Non-Bahraini,غير بحريني,Male,ذكر,2
45 - 49,45 - 49,Doctorate,دكتوراه,Non-Bahraini,غير بحريني,Male,ذكر,174
20 - 24,20 - 24,Illiterate / Read Only,أمي / يقرأ فقط,Non-Bahraini,غير بحريني,Female,أنثى,350
30 - 34,30 - 34,Illiterate / Read Only,أمي / يقرأ فقط,Non-Bahraini,غير بحريني,Female,أنثى,700
35 - 39,35 - 39,Illiterate / Read Only,أمي / يقرأ فقط,Non-Bahraini,غير بحريني,Female,أنثى,584
45 - 49,45 - 49,Illiterate / Read Only,أمي / يقرأ فقط,Non-Bahraini,غير بحريني,Female,أنثى,120
65 Years & Above,65 سنة فأكثر,Illiterate / Read Only,أمي / يقرأ فقط,Non-Bahraini,غير بحريني,Female,أنثى,285
20 - 24,20 - 24,Read & Write,يقرأ ويكتب,Non-Bahraini,غير بحريني,Female,أنثى,2447
30 - 34,30 - 34,Read & Write,يقرأ ويكتب,Non-Bahraini,غير بحريني,Female,أنثى,3198
40 - 44,40 - 44,Read & Write,يقرأ ويكتب,Non-Bahraini,غير بحريني,Female,أنثى,1083
50 - 54,50 - 54,Read & Write,يقرأ ويكتب,Non-Bahraini,غير بحريني,Female,أنثى,155
15 - 19,15 - 19,Primary,ابتدائي,Non-Bahraini,غير بحريني,Female,أنثى,306
20 - 24,20 - 24,Primary,ابتدائي,Non-Bahraini,غير بحريني,Female,أنثى,622
25 - 29,25 - 29,Primary,ابتدائي,Non-Bahraini,غير بحريني,Female,أنثى,2021
30 - 34,30 - 34,Primary,ابتدائي,Non-Bahraini,غير بحريني,Female,أنثى,3963
60 - 64,60 - 64,Primary,ابتدائي,Non-Bahraini,غير بحريني,Female,أنثى,421
35 - 39,35 - 39,Preparatory,إعدادي,Non-Bahraini,غير بحريني,Female,أنثى,4604
40 - 44,40 - 44,Preparatory,إعدادي,Non-Bahraini,غير بحريني,Female,أنثى,3233
45 - 49,45 - 49,Preparatory,إعدادي,Non-Bahraini,غير بحريني,Female,أنثى,1800
65 Years & Above,65 سنة فأكثر,Preparatory,إعدادي,Non-Bahraini,غير بحريني,Female,أنثى,56
20 - 24,20 - 24,Secondary,ثانوي,Non-Bahraini,غير بحريني,Female,أنثى,3837
55 - 59,55 - 59,Secondary,ثانوي,Non-Bahraini,غير بحريني,Female,أنثى,1869
20 - 24,20 - 24,Above Secondary / Diploma,فوق الثانوي / دبلوم,Non-Bahraini,غير بحريني,Female,أنثى,729
30 - 34,30 - 34,Above Secondary / Diploma,فوق الثانوي / دبلوم,Non-Bahraini,غير بحريني,Female,أنثى,2979
50 - 54,50 - 54,Above Secondary / Diploma,فوق الثانوي / دبلوم,Non-Bahraini,غير بحريني,Female,أنثى,911
15 - 19,15 - 19,Bachelor,بكالوريوس,Non-Bahraini,غير بحريني,Female,أنثى,0
30 - 34,30 - 34,Bachelor,بكالوريوس,Non-Bahraini,غير بحريني,Female,أنثى,5505
35 - 39,35 - 39,Bachelor,بكالوريوس,Non-Bahraini,غير بحريني,Female,أنثى,5243
65 Years & Above,65 سنة فأكثر,Bachelor,بكالوريوس,Non-Bahraini,غير بحريني,Female,أنثى,227
15 - 19,15 - 19,High Diploma,دبلوم عالي,Non-Bahraini,غير بحريني,Female,أنثى,0
25 - 29,25 - 29,High Diploma,دبلوم عالي,Non-Bahraini,غير بحريني,Female,أنثى,816
50 - 54,50 - 54,High Diploma,دبلوم عالي,Non-Bahraini,غير بحريني,Female,أنثى,296
20 - 24,20 - 24,Masters,ماجستير,Non-Bahraini,غير بحريني,Female,أنثى,23
25 - 29,25 - 29,Masters,ماجستير,Non-Bahraini,غير بحريني,Female,أنثى,322
30 - 34,30 - 34,Masters,ماجستير,Non-Bahraini,غير بحريني,Female,أنثى,522
55 - 59,55 - 59,Masters,ماجستير,Non-Bahraini,غير بحريني,Female,أنثى,92
60 - 64,60 - 64,Masters,ماجستير,Non-Bahraini,غير بحريني,Female,أنثى,53
45 - 49,45 - 49,Doctorate,دكتوراه,Non-Bahraini,غير بحريني,Female,أنثى,44
50 - 54,50 - 54,Doctorate,دكتوراه,Non-Bahraini,غير بحريني,Female,أنثى,35
65 Years & Above,65 سنة فأكثر,Doctorate,دكتوراه,Non-Bahraini,غير بحريني,Female,أنثى,11
